t_s,clients,ticks,overruns,ingress_p50_us,ingress_p99_us,ingress_max_us,events_p50_us,events_p99_us,events_max_us,movement_p50_us,movement_p99_us,movement_max_us,grid_p50_us,grid_p99_us,grid_max_us,history_p50_us,history_p99_us,history_max_us,serialize_p50_us,serialize_p99_us,serialize_max_us,assembly_p50_us,assembly_p99_us,assembly_max_us,transport_p50_us,transport_p99_us,transport_max_us,egress_p50_us,egress_p99_us,egress_max_us,tick_p50_us,tick_p99_us,tick_max_us,out_pps,in_pps,down_kbps_per_client,up_kbps_per_client,egress_mbps,repeated_pct,frozen_pct,late_inputs,snapshot_bytes_per_tick,near_per_tick,mid_per_tick,far_per_tick,far_skipped,far_starved,input_wait_p50_ms,input_wait_p99_ms,deferred_accepts,kernel_rcvbuf_drops,kernel_sndbuf_drops,level,tick_hz,pace,degraded_client_share
5.0,1000,151,0,399,1217,1227,108,1761,2291,191,247,268,65,106,312,0,11,12,52,114,123,914,1303,1641,423,1042,1133,1506,2202,2583,3636,5855,6266,28726,28594,54.4,13.0,51.1,0.000,0.000,0,190,4.3,4.2,6.2,0,0,50.7,66.7,472,0,0,0,30,1.000,0.0000
10.0,1000,151,0,391,731,738,101,174,177,201,273,331,60,97,108,0,1,1,42,93,106,880,1248,1265,419,874,888,1446,1877,1882,3569,4243,4531,30002,29998,54.2,12.0,54.2,0.000,0.000,0,191,4.3,4.2,6.3,0,0,50.0,66.4,0,0,0,0,30,1.000,0.0000
15.1,1000,151,0,377,890,929,100,214,224,188,237,256,65,90,95,0,1,1,42,66,71,847,1224,1234,402,884,950,1460,3074,3528,3498,4966,6075,30001,30000,54.1,12.0,54.1,0.000,0.000,0,191,4.3,4.2,6.3,0,0,50.0,66.4,0,0,0,0,30,1.000,0.0000
20.1,1000,151,0,383,635,808,100,190,195,201,252,258,62,80,94,0,1,1,42,74,78,895,1295,1380,407,841,848,1430,1977,1998,3512,4692,4698,29998,29996,54.2,12.0,54.2,0.000,0.000,0,191,4.3,4.2,6.3,0,0,49.9,66.4,0,0,0,0,30,1.000,0.0000
25.1,1000,151,0,380,534,583,100,177,241,197,237,248,68,92,97,0,1,20,45,73,73,859,1193,1227,397,791,876,1365,1810,1817,3391,4032,4169,30002,30001,54.2,12.0,54.2,0.000,0.000,0,191,4.3,4.2,6.3,0,0,50.0,66.4,0,0,0,0,30,1.000,0.0000
30.1,1000,150,0,376,453,593,99,150,153,199,242,245,69,85,88,0,1,1,42,73,74,839,1155,1170,391,901,914,1348,1865,1882,3380,3908,3966,30000,29998,54.1,12.0,54.1,0.000,0.000,0,190,4.3,4.2,6.3,0,0,49.9,66.4,0,0,0,0,30,1.000,0.0000
35.1,1000,150,0,379,807,1045,105,209,240,199,311,352,62,92,94,0,1,1,42,81,97,888,1222,1265,420,1004,1055,1420,2197,2229,3518,4483,4505,29992,29993,54.1,12.0,54.1,0.000,0.000,0,190,4.3,4.2,6.3,0,0,50.1,66.4,0,0,0,0,30,1.000,0.0000
40.2,1000,151,0,389,777,2122,101,189,220,202,276,2222,66,105,106,0,1,1,42,77,81,861,1294,1320,418,919,1243,1440,2633,5112,3561,7117,9780,30008,30000,54.1,12.0,54.1,0.000,0.000,0,190,4.3,4.2,6.3,0,0,50.0,66.4,0,0,0,0,30,1.000,0.0000
45.2,1000,150,0,385,690,761,100,194,195,191,255,323,60,90,96,0,1,1,42,75,77,908,1222,1308,418,822,840,1419,1822,1904,3528,4444,4472,29999,29998,54.1,12.0,54.1,0.000,0.000,0,190,4.3,4.2,6.3,0,0,50.0,66.4,0,0,0,0,30,1.000,0.0000
50.2,1000,150,0,384,698,730,100,146,212,202,323,344,60,105,106,0,1,1,42,65,68,906,1264,1277,407,744,758,1350,1829,1835,3431,4174,4286,29998,29997,54.1,12.0,54.1,0.000,0.000,0,190,4.3,4.2,6.3,0,0,49.9,66.4,0,0,0,0,30,1.000,0.0000
55.2,1000,151,0,389,686,819,100,151,204,196,253,261,60,94,109,0,1,1,42,88,248,874,1199,1237,417,869,870,1412,1802,2383,3488,4287,4952,30001,29998,54.1,12.0,54.1,0.000,0.000,0,190,4.3,4.2,6.3,0,0,50.0,66.4,0,0,0,0,30,1.000,0.0000
60.2,0,151,0,381,678,843,100,241,482,194,244,309,65,81,96,0,1,1,41,72,89,888,1210,1229,404,693,715,1304,1793,1939,3363,4071,4162,29681,30251,54.0,12.1,53.4,0.000,0.000,0,190,4.3,4.2,6.3,0,0,50.0,66.4,0,0,0,0,30,1.000,0.0000
