t_s,clients,ticks,overruns,ingress_p50_us,ingress_p99_us,ingress_max_us,events_p50_us,events_p99_us,events_max_us,movement_p50_us,movement_p99_us,movement_max_us,grid_p50_us,grid_p99_us,grid_max_us,separate_p50_us,separate_p99_us,separate_max_us,history_p50_us,history_p99_us,history_max_us,serialize_p50_us,serialize_p99_us,serialize_max_us,assembly_p50_us,assembly_p99_us,assembly_max_us,transport_p50_us,transport_p99_us,transport_max_us,egress_p50_us,egress_p99_us,egress_max_us,tick_p50_us,tick_p99_us,tick_max_us,out_pps,in_pps,down_kbps_per_client,up_kbps_per_client,egress_mbps,repeated_pct,frozen_pct,late_inputs,snapshot_bytes_per_tick,near_per_tick,mid_per_tick,far_per_tick,far_skipped,far_starved,input_wait_p50_ms,input_wait_p99_ms,deferred_accepts,kernel_rcvbuf_drops,kernel_sndbuf_drops,level,tick_hz,pace,degraded_client_share
5.0,1000,151,1,399,1087,4634,109,1473,2287,257,705,867,147,415,420,298,470,485,1,13,22,44,180,209,2368,3677,14461,994,1943,3506,4116,4747,8515,8807,10533,33931,53962,25719,380.0,16.1,335.3,0.152,0.000,188,1510,64.0,85.9,0.0,0,0,49.5,91.9,325,0,0,0,30,1.000,0.0000
10.0,1000,150,0,405,782,813,110,374,503,261,455,516,152,492,603,313,525,624,1,7,12,44,133,209,2422,3441,3765,981,1533,1559,4138,5013,5162,8899,10541,10623,59987,29452,370.9,14.8,370.9,0.135,0.000,203,1481,64.0,86.0,0.0,0,0,50.7,93.1,0,0,0,0,30,1.000,0.0000
15.0,1000,151,0,407,1089,1114,110,363,381,258,646,682,152,420,443,307,595,659,1,1,1,44,168,195,2387,3334,3580,1017,1451,1587,4126,5130,6364,8914,10835,12209,60014,29427,371.2,14.8,371.2,0.144,0.000,214,1481,64.0,86.0,0.0,0,0,51.0,93.5,0,0,0,0,30,1.000,0.0000
20.0,1000,150,0,405,1127,1148,110,419,455,271,756,834,153,374,556,309,628,709,1,1,1,44,169,244,2447,3092,3191,993,1448,1639,4183,4817,4991,9026,10333,10360,59988,29438,370.9,14.8,370.9,0.132,0.000,200,1481,64.0,86.0,0.0,0,0,50.9,93.7,0,0,0,0,30,1.000,0.0000
25.0,1000,150,0,402,790,955,110,398,405,262,622,636,156,414,430,304,468,581,1,13,70,44,172,220,2378,3152,3211,954,1327,1327,4171,4912,4929,8845,10419,10716,59996,29424,371.2,14.8,371.2,0.171,0.000,254,1482,64.0,86.0,0.0,0,0,51.2,94.4,0,0,0,0,30,1.000,0.0000
30.1,1000,151,0,416,1191,1199,117,458,578,266,496,707,151,469,480,311,751,762,1,16,17,44,191,221,2439,3271,3617,1030,1417,1507,4226,6367,18116,9043,12688,23592,60014,29440,371.2,14.8,371.2,0.130,0.000,194,1481,64.0,86.0,0.0,0,0,50.9,93.0,0,0,0,0,30,1.000,0.0000
35.1,1000,151,0,417,984,1369,112,284,346,261,685,799,151,432,567,306,588,667,1,1,1,44,137,192,2405,3288,3408,1012,1702,1879,4160,4908,4944,8957,10595,10657,59991,29428,370.7,14.8,370.7,0.148,0.000,222,1480,64.0,86.0,0.0,0,0,51.0,93.3,0,0,0,0,30,1.000,0.0000
40.1,1000,150,0,399,1176,1206,111,176,199,271,604,689,150,232,233,313,732,747,1,1,1,44,74,88,2397,3093,3393,976,1484,1548,4231,4961,5066,8942,10523,10568,59987,29432,370.9,14.8,370.9,0.156,0.000,231,1481,64.0,86.0,0.0,0,0,51.0,94.2,0,0,0,0,30,1.000,0.0000
45.1,1000,151,0,407,1118,1187,111,166,267,262,649,687,144,198,513,308,658,779,1,1,1,44,76,238,2400,3068,3175,997,1397,1473,4216,5276,5288,9011,10696,10925,60021,29422,371.4,14.8,371.4,0.134,0.000,205,1482,64.0,86.0,0.0,0,0,50.9,93.3,0,0,0,0,30,1.000,0.0000
50.1,1000,150,1,417,805,1251,116,577,4793,263,451,568,151,291,350,299,541,652,1,1,17,44,80,157,2403,3023,3467,1019,1352,1359,4136,15716,28219,8838,25153,33991,59990,29402,371.3,14.8,371.3,0.172,0.000,256,1482,64.0,86.0,0.0,0,0,54.6,93.9,0,0,0,0,30,1.000,0.0000
55.2,1000,151,0,423,864,908,120,176,304,259,327,329,145,273,312,301,375,479,1,1,1,44,91,218,2385,2831,2884,1001,1333,1343,4033,4764,4854,8775,9500,9722,59995,29379,370.7,14.8,370.7,0.148,0.000,220,1480,64.0,86.0,0.0,0,0,58.1,95.0,0,0,0,0,30,1.000,0.0000
60.2,1000,150,0,419,954,1010,120,213,224,262,363,371,152,223,309,303,365,369,1,1,1,44,74,79,2352,2759,2774,985,1269,1440,4063,4783,4914,8714,9843,10507,59999,29373,371.0,14.8,371.0,0.157,0.000,235,1481,64.0,86.0,0.0,0,0,58.2,94.1,0,0,0,0,30,1.000,0.0000
60.4,0,6,0,413,524,524,130,1730,1730,242,1603,1603,158,172,172,281,344,344,1,1,1,44,61,61,2409,2586,2586,603,1341,1341,4358,4883,4883,9273,9922,9922,42082,36495,380.0,18.9,260.2,0.146,0.000,7,1461,63.4,84.3,0.0,0,0,58.9,92.9,0,0,0,0,30,1.000,0.0000
