t_s,clients,ticks,overruns,ingress_p50_us,ingress_p99_us,ingress_max_us,events_p50_us,events_p99_us,events_max_us,movement_p50_us,movement_p99_us,movement_max_us,grid_p50_us,grid_p99_us,grid_max_us,separate_p50_us,separate_p99_us,separate_max_us,history_p50_us,history_p99_us,history_max_us,shots_p50_us,shots_p99_us,shots_max_us,serialize_p50_us,serialize_p99_us,serialize_max_us,assembly_p50_us,assembly_p99_us,assembly_max_us,transport_p50_us,transport_p99_us,transport_max_us,egress_p50_us,egress_p99_us,egress_max_us,tick_p50_us,tick_p99_us,tick_max_us,out_pps,in_pps,down_kbps_per_client,up_kbps_per_client,egress_mbps,repeated_pct,frozen_pct,late_inputs,snapshot_bytes_per_tick,near_per_tick,mid_per_tick,far_per_tick,far_skipped,far_starved,input_wait_p50_ms,input_wait_p99_ms,deferred_accepts,kernel_rcvbuf_drops,kernel_sndbuf_drops,level,tick_hz,pace,degraded_client_share
5.0,5000,130,102,1968,3789,15982,1587,3487,3576,882,1491,1551,274,426,456,361,1243,1329,10,80,87,1998,3056,3134,491,742,845,4723,6234,6407,2900,4135,4321,22836,29202,29902,38707,46983,48069,111027,108281,94.2,15.2,392.7,0.033,0.000,168,417,9.2,12.3,12.6,0,0,63.9,190.3,9247,0,0,4,30,0.859,0.0000
10.1,5000,114,55,2223,3424,4885,1720,2933,2962,928,1357,4467,284,421,519,469,1794,1858,9,11,19,2154,3273,6234,529,787,792,4222,4924,5139,2136,2529,2573,22871,29396,30671,38129,43545,45307,112794,140813,48.7,14.5,243.7,2.401,0.007,17219,234,9.4,5.6,3.0,0,0,35.4,89.5,0,0,0,7,20,0.900,0.0000
15.1,5000,90,0,2378,3854,3854,1923,3677,3677,1004,1485,1485,273,571,571,626,3046,3046,9,29,29,2435,4132,4132,535,792,792,4158,4777,4777,2131,2818,2818,23799,33622,33622,39232,53152,53152,89993,134728,39.2,13.8,196.2,0.000,0.000,0,236,9.4,5.6,3.0,0,0,68.1,104.7,0,0,0,7,20,0.900,0.0000
20.1,5000,91,0,2436,2859,2859,1929,3205,3205,971,1241,1241,272,415,415,545,1581,1581,9,44,44,2354,3101,3101,524,749,749,4093,4717,4717,2097,2443,2443,23570,27240,27240,38829,43547,43547,90018,134937,39.1,13.9,195.7,0.000,0.000,0,236,9.3,5.6,3.0,0,0,65.4,99.1,0,0,0,7,20,0.900,0.0000
25.1,5000,90,0,2418,3531,3531,1924,3007,3007,969,1260,1260,271,483,483,619,1473,1473,9,24,24,2280,3195,3195,533,733,733,4191,8131,8131,2105,2674,2674,23601,29544,29544,39536,46107,46107,89982,134956,39.1,13.9,195.3,0.000,0.000,0,235,9.3,5.6,3.0,0,0,65.2,98.9,0,0,0,7,20,0.900,0.0000
30.1,5000,90,0,2445,3267,3267,1937,2994,2994,962,1265,1265,276,430,430,474,2269,2269,9,18,18,2328,3230,3230,544,1571,1571,4118,4750,4750,2113,2485,2485,24018,29297,29297,39181,47211,47211,89975,135000,39.1,13.9,195.3,0.000,0.000,0,235,9.3,5.6,3.0,0,0,64.5,98.5,0,0,0,7,20,0.900,0.0000
35.2,5000,91,0,2367,3027,3027,1906,3014,3014,988,4464,4464,276,446,446,461,1296,1296,9,45,45,2345,3293,3293,567,737,737,4185,10286,10286,2113,2531,2531,23939,27699,27699,39414,44074,44074,89968,135082,39.0,13.9,195.2,0.000,0.000,0,235,9.3,5.6,3.0,0,0,64.1,98.0,0,0,0,7,20,0.900,0.0000
40.2,5000,91,0,2382,2971,2971,1936,3081,3081,957,1206,1206,274,430,430,590,3165,3165,9,25,25,2486,5566,5566,533,730,730,4229,8217,8217,2136,2834,2834,24119,34163,34163,39979,50151,50151,90025,134952,39.1,13.9,195.4,0.000,0.000,0,235,9.3,5.5,3.0,0,0,63.7,97.6,0,0,0,7,20,0.900,0.0000
45.3,5000,91,0,2396,2984,2984,1939,2972,2972,975,1436,1436,277,424,424,500,1373,1373,9,22,22,2307,3396,3396,532,737,737,4122,5252,5252,2077,5855,5855,23655,29351,29351,39203,47459,47459,90072,134843,39.1,13.8,195.5,0.000,0.000,0,235,9.3,5.5,3.0,0,0,63.2,97.8,0,0,0,7,20,0.900,0.0000
50.4,5000,91,0,2426,2936,2936,1885,2956,2956,983,1237,1237,271,440,440,535,1408,1408,9,27,27,2370,3123,3123,536,721,721,4153,4833,4833,2117,3498,3498,23558,33181,33181,39220,48628,48628,90011,135085,39.0,13.9,195.1,0.000,0.000,0,235,9.3,5.5,3.0,0,0,62.7,98.0,0,0,0,7,20,0.900,0.0000
55.4,5000,90,0,2375,3418,3418,1877,3264,3264,998,1306,1306,271,423,423,514,1227,1227,9,30,30,2333,3046,3046,541,770,770,4218,4968,4968,2080,2849,2849,23280,30687,30687,38638,47984,47984,89944,134948,39.0,13.9,194.8,0.000,0.000,0,235,9.2,5.5,3.0,0,0,61.9,97.4,0,0,0,7,20,0.900,0.0000
60.4,2252,91,0,2417,3059,3059,1898,4265,4265,956,1822,1822,277,439,439,537,1350,1350,9,24,24,2366,3140,3140,525,889,889,4205,4859,4859,2093,2710,2710,23337,31056,31056,38702,46959,46959,89650,135596,39.0,13.9,193.6,0.000,0.000,0,234,9.2,5.5,3.0,0,0,61.8,97.4,0,0,0,7,20,0.900,0.0000
65.4,0,91,0,316,1433,1433,0,1638,1638,446,1018,1018,181,276,276,480,911,911,8,27,27,20,2028,2028,479,924,924,294,594,594,270,507,507,728,1174,1174,3634,8611,8611,6992,301,15.7,0.1,6.1,1.498,97.778,0,77,1.0,0.4,0.2,0,0,58.2,70.7,0,0,0,6,20,1.000,0.0000
