t_s,clients,ticks,overruns,ingress_p50_us,ingress_p99_us,ingress_max_us,events_p50_us,events_p99_us,events_max_us,movement_p50_us,movement_p99_us,movement_max_us,grid_p50_us,grid_p99_us,grid_max_us,separate_p50_us,separate_p99_us,separate_max_us,history_p50_us,history_p99_us,history_max_us,shots_p50_us,shots_p99_us,shots_max_us,serialize_p50_us,serialize_p99_us,serialize_max_us,assembly_p50_us,assembly_p99_us,assembly_max_us,transport_p50_us,transport_p99_us,transport_max_us,egress_p50_us,egress_p99_us,egress_max_us,tick_p50_us,tick_p99_us,tick_max_us,out_pps,in_pps,down_kbps_per_client,up_kbps_per_client,egress_mbps,repeated_pct,frozen_pct,late_inputs,snapshot_bytes_per_tick,near_per_tick,mid_per_tick,far_per_tick,far_skipped,far_starved,input_wait_p50_ms,input_wait_p99_ms,deferred_accepts,kernel_rcvbuf_drops,kernel_sndbuf_drops,level,tick_hz,pace,degraded_client_share,recv_per_call,receive_thread_busy_max_pct
5.0,1000,151,0,526,896,1145,430,1420,1700,330,370,380,173,220,223,125,181,383,5,40,43,651,925,1026,59,99,108,1063,3791,3811,308,1073,1086,553,744,765,4331,7931,8221,52908,25723,364.6,16.4,315.0,0.000,0.000,0,1440,64.0,85.8,0.0,0,0,49.0,67.1,57,0,0,0,30,1.000,0.0000,26.84,4.2
10.0,1000,150,0,530,630,631,427,565,584,335,384,401,178,212,220,138,192,197,5,14,20,776,1334,1352,59,107,131,1437,3095,3299,323,541,603,544,786,791,4753,7107,7378,59964,29995,363.4,15.5,363.4,0.000,0.000,0,1448,64.0,86.0,0.0,0,0,49.4,67.0,0,0,0,0,30,1.000,0.0000,28.49,5.4
15.0,1000,151,0,527,614,642,438,578,589,338,374,376,181,215,219,160,199,204,5,6,11,1210,1462,1601,59,96,103,1622,3106,3164,349,587,602,542,720,736,5450,7190,7372,60022,29990,374.2,15.6,374.2,0.000,0.000,0,1491,64.0,86.0,0.0,0,0,49.3,67.0,0,0,0,0,30,1.000,0.0000,28.62,6.1
20.0,1000,150,0,533,634,663,451,565,568,334,362,366,185,214,217,157,186,462,5,7,14,1113,1324,1369,60,97,103,1320,1900,1960,322,501,530,545,794,815,5054,5925,5977,59998,29991,370.2,15.6,370.2,0.000,0.000,0,1475,64.0,86.0,0.0,0,0,49.3,67.0,0,0,0,0,30,1.000,0.0000,28.54,5.1
25.1,1000,151,0,519,624,675,431,561,567,339,368,465,179,216,220,162,186,354,5,9,9,1110,1220,1259,59,103,108,1170,1599,1626,332,480,514,543,728,789,4879,5391,5504,59997,29992,368.4,15.6,368.4,0.000,0.000,0,1467,64.0,86.0,0.0,0,0,49.3,67.0,0,0,0,0,30,1.000,0.0000,28.43,4.6
30.1,1000,151,0,530,641,644,436,581,587,335,367,369,181,225,225,164,192,198,5,6,13,1111,1413,1419,59,96,104,1234,1894,1903,344,545,599,548,785,790,4991,5626,5739,59998,29994,370.7,15.6,370.7,0.000,0.000,0,1477,64.0,86.0,0.0,0,0,49.3,67.0,0,0,0,0,30,1.000,0.0000,28.62,4.8
35.1,1000,151,0,540,627,652,429,554,555,334,367,375,181,390,433,159,188,451,5,6,6,1088,1430,1504,60,96,97,1213,1681,1693,324,535,660,541,695,809,4917,5565,5575,60004,29984,369.6,15.5,369.6,0.000,0.000,0,1472,64.0,86.0,0.0,0,0,49.3,67.0,0,0,0,0,30,1.000,0.0000,28.52,4.7
40.1,1000,150,0,532,599,606,420,567,579,335,388,395,177,213,221,163,186,186,5,7,15,1103,1278,1416,59,103,105,1298,1708,1810,330,522,781,547,688,833,5002,5611,5748,59997,29984,371.0,15.6,371.0,0.000,0.000,0,1478,64.0,86.0,0.0,0,0,49.3,67.0,0,0,0,0,30,1.000,0.0000,28.59,4.9
45.1,1000,150,0,531,640,730,430,569,597,335,371,374,181,222,224,164,195,202,5,7,7,1065,1245,1258,59,107,119,1324,1885,1897,322,465,506,550,762,821,5022,5627,5641,59996,29986,370.8,15.5,370.8,0.000,0.000,0,1477,64.0,86.0,0.0,0,0,49.4,67.1,0,0,0,0,30,1.000,0.0000,28.60,5.0
50.1,1000,150,0,532,647,678,435,563,569,334,371,374,182,218,230,160,189,422,5,6,13,1085,1327,1373,59,99,110,1477,1905,2064,315,628,635,545,754,812,5220,5915,5985,59998,29990,372.4,15.6,372.4,0.000,0.000,0,1484,64.0,86.0,0.0,0,0,49.3,67.1,0,0,0,0,30,1.000,0.0000,28.62,5.4
55.2,1000,151,0,534,678,717,427,578,602,333,368,368,182,214,219,163,183,187,5,10,13,1054,1344,1346,60,99,110,1451,1919,1939,325,505,548,544,681,766,5119,5699,5778,60000,29993,371.8,15.5,371.8,0.000,0.000,0,1482,64.0,86.0,0.0,0,0,49.4,67.1,0,0,0,0,30,1.000,0.0000,28.53,5.3
60.2,1000,151,0,527,607,617,447,578,588,329,376,384,181,221,239,160,187,188,5,7,14,1071,1368,1377,59,96,98,1428,1831,2067,328,549,600,546,771,868,5141,5743,5811,60007,29989,372.3,15.5,372.3,0.000,0.000,0,1483,64.0,86.0,0.0,0,0,49.4,67.1,0,0,0,0,30,1.000,0.0000,28.50,5.2
60.6,0,11,0,516,732,732,411,1756,1756,344,358,358,170,181,181,159,172,172,5,5,5,1052,1098,1098,57,92,92,1107,1265,1265,311,508,508,500,583,583,4737,5692,5692,48981,33888,375.9,17.8,307.5,0.000,0.000,0,1493,64.0,85.1,0.0,0,0,49.5,67.2,0,0,0,0,30,1.000,0.0000,30.20,4.6
